protocol,model,label,rmse,mae,cost_r1,cost_r2,cost_r2_tuned,scale_r2,saving_r2_pct,cost_r3,cost_r3_tuned,scale_r3,saving_r3_pct,cost_r5,cost_r5_tuned,scale_r5,saving_r5_pct,skill_r1,skill_r2,skill_r3,skill_r5
Random day-fold,Persistence,Persistence,256.8980157934085,117.04139803241523,0.5368557055933552,0.7956513889744249,0.66255665253212,0.6500000000000004,16.72777026303702,1.0544470723554946,0.7416121636685208,0.5080000000000002,29.66814711601809,1.572038439117634,0.8226238791291587,0.34800000000000014,47.67151625179806,-0.2996677950308597,-0.2829943012974314,-0.2746685332835821,-0.26635007165879054
Random day-fold,Climatology,Hourly climatology,209.3484056982622,105.43067836702332,0.48359864268058755,0.7245029886618053,0.6213553891104443,0.6720000000000004,14.237015052467894,0.965407334643023,0.6987236051005609,0.5440000000000003,27.62395933536939,1.4472160266054586,0.7794143024547006,0.3960000000000002,46.14388673660085,-0.17073838475448833,-0.16826693022455386,-0.16703283031712046,-0.16579981341056427
Random day-fold,SmartPersistence,Smart persistence,202.82852978970746,90.05485746427696,0.41307148461011756,0.6201519275415489,0.5029776814651414,0.7280000000000004,18.894441970198834,0.8272323704729803,0.5681446971268701,0.6440000000000003,31.319818057648494,1.241393256335843,0.6445290790765076,0.5280000000000002,48.08018524452669,0.0,0.0,0.0,0.0
Random day-fold,Ridge,Ridge regression,167.59508019339185,88.85268134454718,0.40755723819940504,0.6257550752598533,0.57052506314458,0.7640000000000005,8.82613889984645,0.8439529123203017,0.6621529060060924,0.6040000000000003,21.54148693134807,1.280348586441198,0.7662170350443603,0.4580000000000003,40.15559175379696,0.013349375631477423,-0.009035121023515558,-0.020212630022881317,-0.03138033004975194
Random day-fold,GBM,Gradient boosting,148.5800930303923,67.40548820048008,0.309181379726096,0.4635654491854863,0.4332706430493592,0.8620000000000007,6.535173445164431,0.6179495186448767,0.514731906056709,0.7620000000000005,16.703243464695497,0.9267176575636573,0.6183269576805709,0.6180000000000003,33.27774078394559,0.2515063584746826,0.2524969630858265,0.25299161311644947,0.25348582906032335
Random day-fold,GBM_kt,POA-normalised GBM,150.39924998321544,68.5369727112439,0.3143713716913819,0.4506466303563486,0.42866476862681,0.8820000000000003,4.877848906172103,0.5869218890213154,0.5042838037593568,0.7880000000000005,14.079911962349287,0.8594724063512488,0.6023138719460498,0.6480000000000004,29.920510827907083,0.2389419666958975,0.27332866295710057,0.2904993687738119,0.307655006208017
Random day-fold,GBM_per_hour,Per-hour GBM,154.01710213906074,71.94863205122577,0.33002026868851847,0.49715223061740005,0.46342194887548893,0.8340000000000005,6.784698863771039,0.6642841925462816,0.5445871944360277,0.7080000000000004,18.018944218955575,0.9985481164040447,0.6389293365175359,0.5680000000000003,36.01416636601971,0.20105773217434253,0.19833800632008536,0.1969799342275872,0.1956230539294146
Random day-fold,CNN,CNN,150.2411812743327,82.59583630640415,0.36433962010386584,0.556910864418111,0.4994048085378957,0.8000000000000005,10.325899448972065,0.7494821087323562,0.5886007249435444,0.7040000000000004,21.46567368511572,1.1346245973608466,0.711539903959617,0.5720000000000003,37.28851766349248,0.1179744095679901,0.10197672588738493,0.0939884179050795,0.08600712016926848
Random day-fold,RidgeStack,Ridge stacking,143.0569642704066,77.46946942418546,0.35534372767954636,0.5685518415847143,0.5034890752058019,0.8060000000000006,11.443594342701296,0.7817599554898824,0.6110900292918885,0.6920000000000004,21.831500193821675,1.2081761833002183,0.7505499404498218,0.5440000000000003,37.877442808081035,0.13975246193781254,0.08320555603429536,0.05496933704020601,0.026757897117686835
Random day-fold,NNLSStack,NNLS stacking,139.88019729525786,68.99944188587598,0.3164926656885154,0.4921906202662192,0.44157666938314605,0.8280000000000005,10.283404193216185,0.6678885748439229,0.5277786001269974,0.7360000000000004,20.97804633799395,1.0192844839993302,0.6358072760831522,0.5980000000000002,37.62219615190669,0.23380655048788757,0.20633864314927342,0.19262277603806843,0.17891894546946374
Rolling-origin,Persistence,Persistence,267.16842706780795,119.78934679784922,0.6179902080164783,0.9192261015501587,0.7891582137343187,0.5325000000000002,14.14971654922515,1.220461995083839,0.8677084550018589,0.3850000000000002,28.903279373131795,1.8229337821512,0.9010345268831531,0.26500000000000007,50.57228431962767,-0.4039201402870416,-0.39380913178713484,-0.3887446872969409,-0.3836742685848995
Rolling-origin,Climatology,Hourly climatology,311.30226291668885,182.50909388922818,0.9415597956956904,1.5776899155381439,0.9869951625634396,0.24500000000000005,37.44048479724361,2.2138200353805977,1.0067570908945647,0.21000000000000002,54.523986827977005,3.486080275065505,1.1080350629237397,0.2,68.21544613160351,-1.138989814586973,-1.3922282099009209,-1.5190713231141086,-1.6460640655511334
Rolling-origin,SmartPersistence,Smart persistence,199.65178174295923,85.32490086890371,0.4401890038347379,0.6595064421564893,0.5328260891630956,0.7025000000000005,19.20835717376279,0.878823880478241,0.6019525537456386,0.6125000000000003,31.50475685548437,1.317458757121744,0.6860876612223283,0.5025000000000002,47.92340500121415,0.0,0.0,0.0,0.0
Rolling-origin,Ridge,Ridge regression,225.6216266508004,136.30071122712738,0.7031719191706851,1.067289185366589,0.9018692851324116,0.4575000000000002,15.499070214729048,1.4314064515624927,0.9886243714101351,0.2775000000000001,30.933357864150054,2.1596409839543003,1.032632223428175,0.2,52.18500523464661,-0.597431814618159,-0.6183150264259887,-0.628775097444491,-0.6392475075823052
Rolling-origin,GBM,Gradient boosting,203.68500932464576,91.97464562226622,0.4744948686986806,0.6303443458883145,0.6283756764965198,0.7950000000000006,0.3123164988527466,0.7861938230779482,0.7277571025261618,0.6500000000000004,7.432864369629194,1.0978927774572156,0.8411370491602124,0.4950000000000002,23.386229836730013,-0.07793439764529486,0.04421806127142458,0.10540229897927345,0.16665871206793204
Rolling-origin,GBM_kt,POA-normalised GBM,197.9440958761212,85.31493322275222,0.44013758100054395,0.5464291862797267,0.5443360645316309,0.9175000000000006,0.3830545294160647,0.6527207915589095,0.6180634907166395,0.7675000000000005,5.3096670567973066,0.8653040021172751,0.7072684415386153,0.6200000000000003,18.263588310231935,0.00011681989723955066,0.17145739396724713,0.2572791818040835,0.3432022084640378
Rolling-origin,GBM_per_hour,Per-hour GBM,229.65665964336455,111.53132462633705,0.5753872806610959,0.7812421019814423,0.8568513249567541,0.6775000000000004,-9.67807838102251,0.9870969233017888,0.9782155824782319,0.5100000000000002,0.8997435422905805,1.3988065659424818,1.0638857333744913,0.3475000000000001,23.943327170639133,-0.3071368790418856,-0.1845860055997257,-0.12320220834762408,-0.06174600030627042
Rolling-origin,CNN,CNN,211.18952839505832,128.3947906038947,0.6509642882748352,0.9834435642457282,1.0683933218354031,0.5300000000000002,-8.637990086887076,1.3159228402166214,1.1996430351503422,0.36500000000000016,8.83636954330375,1.9808813921584074,1.331510675638941,0.2875000000000001,32.78190804810879,-0.47882905434691314,-0.49118113392495744,-0.49736809552844496,-0.5035623555199897
Rolling-origin,RidgeStack,Ridge stacking,187.20441687518468,88.69934586722192,0.45759768016694974,0.6122562831444998,0.6096926283274063,0.8250000000000006,0.41872250031093045,0.7669148861220498,0.726964866681292,0.6900000000000004,5.209185551576322,1.0762320920771498,0.903273432504341,0.5075000000000003,16.07075842154038,-0.03954818539435312,0.07164472701356561,0.12733950094220492,0.18309997466000594
Rolling-origin,NNLSStack,NNLS stacking,194.34516771073692,86.85985204347345,0.4481077780915862,0.600096565956674,0.5769581443737186,0.8075000000000006,3.8557830348634226,0.7520853538217619,0.664522649255953,0.6800000000000004,11.642655201414891,1.0560629295519373,0.787442328683907,0.5325000000000002,25.436041106186703,-0.017989486761057938,0.09008232884815148,0.14421379467693818,0.19840911615395007
