configuration,mode,model,subset,n,R2,MAE,RMSE,nMAE_pct,nRMSE_pct,skill_vs_SmartPersistence
analysis_full,TEMPORAL,Ridge,ALL,6076,0.5944373264854232,138.95102326746118,227.54054043322415,8.349189490877537,13.672292900476615,-0.14173034570300036
analysis_full,TEMPORAL,Ridge,daylight,2517,0.40622723552121953,242.05815535132578,329.94399207675144,14.544616939958557,19.825438103632095,-0.06634991671174606
analysis_full,TEMPORAL,GBM,ALL,6076,0.6852179952967771,90.13191141233906,200.4632398326691,5.4157816895532696,12.045291470049388,-0.005864553539039363
analysis_full,TEMPORAL,GBM,daylight,2517,0.47451646232838773,208.28737441617298,310.3913755925327,12.515422460837849,18.650574498957752,-0.0031575826789043138
analysis_full,TEMPORAL,GBM_kt,ALL,6076,0.7012337951635993,84.32764759064219,195.29698189277164,5.067019245327782,11.734865065949236,0.020058182921371848
analysis_full,TEMPORAL,GBM_kt,daylight,2517,0.5010736388204402,197.78535441667873,302.4463262126882,11.884384610587658,18.173178066554257,0.022520117015342955
analysis_full,TEMPORAL,GBM_per_hour,ALL,6076,0.586059973022302,111.52370097613648,229.8785814040273,6.70115620797861,13.81277943050451,-0.15346193569035127
analysis_full,TEMPORAL,GBM_per_hour,daylight,2517,0.3271398851304764,245.71849613373732,351.23070935599986,14.76455687328827,21.10449911393558,-0.13514671175238058
analysis_full,TEMPORAL,CNN,ALL,6076,0.6683732591367678,125.88044000489678,205.75697576837476,7.563813652332002,12.36337768058991,-0.03242693643760397
analysis_full,TEMPORAL,CNN,daylight,2517,0.5054141861807538,207.1441309837245,301.1278447476712,12.446728068905662,18.093954097325565,0.026781332961592907
analysis_full,TEMPORAL,Mean,ALL,6076,0.7035429523617902,102.50946127669843,194.54079495627818,6.159515034009481,11.689427847317479,0.02385250269742134
analysis_full,TEMPORAL,Mean,daylight,2517,0.5151562178073565,204.3577045002397,298.14738414881947,12.279299271578752,17.914866317151336,0.03641391906005076
analysis_full,TEMPORAL,InvRMSE,ALL,6076,0.7047164133172172,101.41504150896118,194.1553894104592,6.093754323447373,11.666269875125481,0.02578635240273519
analysis_full,TEMPORAL,InvRMSE,daylight,2517,0.5161824744054926,203.4119185360326,297.8316764757501,12.22246956246767,17.895896300780123,0.037434258447847424
analysis_full,TEMPORAL,RidgeStack,ALL,6076,0.7381001453683578,89.39422775602456,182.85103598489206,5.371456282758403,10.987021989053867,0.08250821532856101
analysis_full,TEMPORAL,RidgeStack,daylight,2517,0.572322831170864,187.52411274427396,280.01940041052745,11.267814475874163,16.825605023787475,0.09500196555790252
analysis_full,TEMPORAL,NNLSStack,ALL,6076,0.7055578479967592,88.04910445652511,193.87856124468715,5.290631478075261,11.649636022721284,0.027175393304218032
analysis_full,TEMPORAL,NNLSStack,daylight,2517,0.5088265452222556,198.8101052913582,300.0872418600988,11.94595910663993,18.03142709688475,0.0301444698246357
analysis_full,TEMPORAL,BestSingleByVal,ALL,6076,0.6961107416719778,88.39756537006159,196.9642792562645,5.311569547683285,11.83504843486655,0.011692183651149324
analysis_full,TEMPORAL,BestSingleByVal,daylight,2517,0.49271358108550256,204.7943928103911,304.96970937003164,12.305538685756273,18.324801305040207,0.014364764942621844
analysis_full,TEMPORAL,Persistence,ALL,6076,0.4408727304844634,119.78934679784922,267.16842706780795,7.1978164095888015,16.053424948696897,-0.3405712231160538
analysis_full,TEMPORAL,Persistence,daylight,2517,0.0615577830680486,286.000720473526,414.79532838005167,17.185006296532592,24.92392438096438,-0.3405819608547316
analysis_full,TEMPORAL,Climatology,ALL,6076,-0.03542305007582125,286.94318500295566,363.5705615614675,17.24163642965146,21.845967308484667,-0.8242882879186386
analysis_full,TEMPORAL,Climatology,daylight,2517,-0.20753297875943066,344.45721116410095,470.52162516386056,20.69749800958658,28.272366159455796,-0.5206844429761381
analysis_full,TEMPORAL,SmartPersistence,ALL,6076,0.6888778803716498,85.23645652898288,199.29446676230725,5.121627105412442,11.97506307153301,0.0
analysis_full,TEMPORAL,SmartPersistence,daylight,2517,0.4778193259444914,203.25045648473971,309.4143741241941,12.212767746459916,18.591869135008594,0.0
analysis_full,KFOLD,Ridge,ALL,8516,0.7968782420927115,88.85268134454715,167.59508019339185,5.338916230147013,10.07033305238798,0.17215496876100922
analysis_full,KFOLD,Ridge,daylight,3869,0.6647322303325334,177.77148838595377,246.91206751850794,10.68180577377034,14.836275335146281,0.17740876199830835
analysis_full,KFOLD,GBM,ALL,8516,0.8403550566570869,67.40548820048008,148.5800930303923,4.050212661101772,8.927774133013223,0.26608053402102716
analysis_full,KFOLD,GBM,daylight,3869,0.7335587179392213,144.04343754309542,220.11374896392428,8.655178829807989,13.226037177932842,0.2666877602170823
analysis_full,KFOLD,GBM_kt,ALL,8516,0.8364218635528963,68.5369727112439,150.39924998321544,4.118200491376156,9.03708233208659,0.2570947091227025
analysis_full,KFOLD,GBM_kt,daylight,3869,0.7271467023023817,147.79236303856877,222.74656573169474,8.880441577881747,13.384235984763961,0.25791649186151855
analysis_full,KFOLD,GBM_per_hour,ALL,8516,0.8284574700759394,71.94863205122579,154.01710213906077,4.323197832439287,9.25446923927755,0.2392241312542006
analysis_full,KFOLD,GBM_per_hour,daylight,3869,0.7134369053326738,155.52694138678234,228.27404926209695,9.345191377794851,13.716367453232534,0.2395015979845042
analysis_full,KFOLD,CNN,ALL,8516,0.8367655221164825,82.5958362088865,150.24118128758244,4.962959404322475,9.027584413601488,0.2578754980582918
analysis_full,KFOLD,CNN,daylight,3869,0.7332036482645448,155.15279947547256,220.26036606405117,9.322710206799863,13.234847001155275,0.266199303159808
analysis_full,KFOLD,Mean,ALL,8516,0.8562282306809768,68.85837745190845,141.000239745078,4.137512829061567,8.472321341778114,0.30352163236667773
analysis_full,KFOLD,Mean,daylight,3869,0.7603752964268509,142.6343323486544,208.74313792235446,8.570509526881574,12.542808051721996,0.30456912060389096
analysis_full,KFOLD,InvRMSE,ALL,8516,0.8571964498501514,68.49574499900693,140.52466043956366,4.115723230153837,8.443745073346925,0.3058707822616259
analysis_full,KFOLD,InvRMSE,daylight,3869,0.7619874607312299,141.86420077843894,208.03975431339978,8.524234413093753,12.500543641587814,0.3069124535948423
analysis_full,KFOLD,RidgeStack,ALL,8516,0.8520033363624404,77.46946942418545,143.0569642704066,4.654929951363185,8.59590433086809,0.2933623294983839
analysis_full,KFOLD,RidgeStack,daylight,3869,0.7613359402428705,143.3496352803025,208.32429716425574,8.613490136734402,12.517641048459716,0.30596449484052746
analysis_full,KFOLD,NNLSStack,ALL,8516,0.8611610247015792,69.30365517696127,138.5602767966598,4.164268357845092,8.325710597013384,0.31557396230932544
analysis_full,KFOLD,NNLSStack,daylight,3869,0.7694692473217154,139.5314102344036,204.74384151308817,8.384063366946162,12.302501195637332,0.3178928362792598
analysis_full,KFOLD,BestSingleByVal,ALL,8516,0.8353783473696521,80.76749992593159,150.8782093083675,4.853099644239571,9.06586169671509,0.2547288634365691
analysis_full,KFOLD,BestSingleByVal,daylight,3869,0.7301852391685553,154.54011901053173,221.5028231665638,9.285895902170354,13.3095028729814,0.26206003877961226
analysis_full,KFOLD,Persistence,ALL,8516,0.5221093109505239,117.21702089743961,257.06759050499755,7.043252334637931,15.446493121235951,-0.2697993714766147
analysis_full,KFOLD,Persistence,daylight,3869,0.20111317287251806,255.49057983976985,381.1439613598147,15.351734834729658,22.90190515957143,-0.26978679569129516
analysis_full,KFOLD,Climatology,ALL,8516,0.6830627897100681,105.43067836702332,209.34840569826218,6.335043032707019,12.579176948006035,-0.0340878578006385
analysis_full,KFOLD,Climatology,daylight,3869,0.4704894274617346,229.10966638937848,310.301397370966,13.766577416235592,18.645167952073486,-0.03377373646553261
analysis_full,KFOLD,SmartPersistence,ALL,8516,0.7036135441720341,89.92831396102095,202.44740726722895,5.403548071829975,12.164514700675628,0.0
analysis_full,KFOLD,SmartPersistence,daylight,3869,0.5045228316773529,195.8670438928452,300.16374611323073,11.769118542809219,18.03602402961138,0.0
analysis_matched,TEMPORAL,Ridge,ALL,6076,0.59373457152579,139.01499627660473,227.73759509720446,8.353033455197348,13.684133379883995,-0.14271910704284885
analysis_matched,TEMPORAL,Ridge,daylight,2517,0.40321101177009344,242.73412043018624,330.7809488549479,14.585233845109077,19.875728562619113,-0.06905488728903575
analysis_matched,TEMPORAL,GBM,ALL,6076,0.6844647954422989,90.59926731956354,200.7029274076009,5.443863836322259,12.059693645252247,-0.007067234069139783
analysis_matched,TEMPORAL,GBM,daylight,2517,0.4732365940267762,209.6472462984942,310.76914050485016,12.597133467794318,18.67327336624045,-0.0043784855971567005
analysis_matched,TEMPORAL,GBM_kt,ALL,6076,0.7068223539691018,83.67348737642617,193.461799617267,5.027712535255057,11.62459394877297,0.0292665784444317
analysis_matched,TEMPORAL,GBM_kt,daylight,2517,0.5102793092337934,196.35137764821505,299.64312300565774,11.798220842348442,18.004741201487906,0.031579822838529004
analysis_matched,TEMPORAL,GBM_per_hour,ALL,6076,0.5961151572391132,110.3039409307944,227.06937997540268,6.6278641406552925,13.643982148598322,-0.13936620350941187
analysis_matched,TEMPORAL,GBM_per_hour,daylight,2517,0.3412616990029851,243.9809085972705,347.52539512556126,14.660149958838828,20.881856848296206,-0.12317146257099854
analysis_matched,TEMPORAL,CNN,ALL,6076,0.6683732591367678,125.88044000489678,205.75697576837476,7.563813652332002,12.36337768058991,-0.03242693643760397
analysis_matched,TEMPORAL,CNN,daylight,2517,0.5054141861807538,207.1441309837245,301.1278447476712,12.446728068905662,18.093954097325565,0.026781332961592907
analysis_matched,TEMPORAL,Mean,ALL,6076,0.7055869134579613,102.23553715211992,193.8689917777556,6.143055677551009,11.64906101945136,0.027223410025841055
analysis_matched,TEMPORAL,Mean,daylight,2517,0.5181605535066773,204.15065746189143,297.2222132128864,12.266858377542535,17.85927530908305,0.039403990024115654
analysis_matched,TEMPORAL,InvRMSE,ALL,6076,0.7069397434679794,101.00192884060883,193.42306430131805,6.06893150553608,11.622266448872347,0.029460940669225222
analysis_matched,TEMPORAL,InvRMSE,daylight,2517,0.5193933532576608,203.1408286889509,296.84174400838924,12.206180510043914,17.836413948230202,0.04063363297646416
analysis_matched,TEMPORAL,RidgeStack,ALL,6076,0.7426599262695472,90.08085446231135,181.25229201341403,5.412713816135835,10.890957807219273,0.0905302341906542
analysis_matched,TEMPORAL,RidgeStack,daylight,2517,0.5812262413506414,187.5722550592616,277.0893399227976,11.270707216790418,16.649545649365304,0.10447166293709986
analysis_matched,TEMPORAL,NNLSStack,ALL,6076,0.7092264180244924,88.02540963156783,192.66697105356582,5.289207720416846,11.576834859742519,0.03325479034320533
analysis_matched,TEMPORAL,NNLSStack,daylight,2517,0.5151072470258052,198.0976966571849,298.16244069104965,11.903152407259235,17.91577102386886,0.03636525764193532
analysis_matched,TEMPORAL,BestSingleByVal,ALL,6076,0.6995196118969893,88.3207083511933,195.85644275143335,5.306951418221942,11.76848154902259,0.017250975738199115
analysis_matched,TEMPORAL,BestSingleByVal,daylight,2517,0.49843535320265986,204.77860924794675,303.2449287448582,12.304590294369222,18.221163923097016,0.01993910398247878
analysis_matched,TEMPORAL,Persistence,ALL,6076,0.4408727304844634,119.78934679784922,267.16842706780795,7.1978164095888015,16.053424948696897,-0.3405712231160538
analysis_matched,TEMPORAL,Persistence,daylight,2517,0.0615577830680486,286.000720473526,414.79532838005167,17.185006296532592,24.92392438096438,-0.3405819608547316
analysis_matched,TEMPORAL,Climatology,ALL,6076,-0.03542305007582125,286.94318500295566,363.5705615614675,17.24163642965146,21.845967308484667,-0.8242882879186386
analysis_matched,TEMPORAL,Climatology,daylight,2517,-0.20753297875943066,344.45721116410095,470.52162516386056,20.69749800958658,28.272366159455796,-0.5206844429761381
analysis_matched,TEMPORAL,SmartPersistence,ALL,6076,0.6888778803716498,85.23645652898288,199.29446676230725,5.121627105412442,11.97506307153301,0.0
analysis_matched,TEMPORAL,SmartPersistence,daylight,2517,0.4778193259444914,203.25045648473971,309.4143741241941,12.212767746459916,18.591869135008594,0.0
analysis_matched,KFOLD,Ridge,ALL,8516,0.7966640911077094,88.63659952502968,167.6834045486755,5.325932460655713,10.075640222940464,0.17171868579509764
analysis_matched,KFOLD,Ridge,daylight,3869,0.6641805693478678,177.85925302528324,247.11512277880996,10.687079312511754,14.848476374084424,0.17673228036809363
analysis_matched,KFOLD,GBM,ALL,8516,0.8418967926809072,67.39501399400055,147.8609126568432,4.049583294490374,8.884560538210659,0.2696329646658898
analysis_matched,KFOLD,GBM,daylight,3869,0.7360662392205086,144.15437272894465,219.07553774725307,8.661844623740848,13.16365388649887,0.27014657638030937
analysis_matched,KFOLD,GBM_kt,ALL,8516,0.8383419783188055,68.30123997747418,149.51393520664448,4.104035951834352,8.983886172354559,0.26146776970431984
analysis_matched,KFOLD,GBM_kt,daylight,3869,0.7303587596868136,147.29867182444042,221.43158639273412,8.85077701406774,13.305222448775542,0.2622973651548062
analysis_matched,KFOLD,GBM_per_hour,ALL,8516,0.8299230575727874,71.74232713325786,153.35776204419514,4.310801530400556,9.214851284249107,0.2424809775816782
analysis_matched,KFOLD,GBM_per_hour,daylight,3869,0.715895939536294,155.07070584037143,227.29251479562512,9.317777423295743,13.657389713740638,0.24277159470856413
analysis_matched,KFOLD,CNN,ALL,8516,0.8367655221164825,82.5958362088865,150.24118128758244,4.962959404322475,9.027584413601488,0.2578754980582918
analysis_matched,KFOLD,CNN,daylight,3869,0.7332036482645448,155.15279947547256,220.26036606405117,9.322710206799863,13.234847001155275,0.266199303159808
analysis_matched,KFOLD,Mean,ALL,8516,0.8569155567196058,68.70127786615555,140.6627978330558,4.128073141756317,8.452045374035047,0.30518844507906173
analysis_matched,KFOLD,Mean,daylight,3869,0.7615038783189826,142.42827719704627,208.25098964917888,8.558128232624847,12.513236199038033,0.30620871992109144
analysis_matched,KFOLD,InvRMSE,ALL,8516,0.8578467991629591,68.35487295840294,140.20430984246363,4.10725861195016,8.424496076284447,0.30745317149260865
analysis_matched,KFOLD,InvRMSE,daylight,3869,0.7630562911915371,141.67256446331228,207.57211209720938,8.51271950754861,12.472444291290898,0.3084704106174535
analysis_matched,KFOLD,RidgeStack,ALL,8516,0.8519496335682928,74.53008249947065,143.0829170916003,4.478310176680327,8.597463765385905,0.29323413412387145
analysis_matched,KFOLD,RidgeStack,daylight,3869,0.7587032158274826,143.0093475430836,209.4701676827531,8.593043171086705,12.586493294855408,0.3021470101064947
analysis_matched,KFOLD,NNLSStack,ALL,8516,0.8606295482299117,68.94129394788091,138.82522828588452,4.142495056039924,8.341630812189987,0.3142652199905117
analysis_matched,KFOLD,NNLSStack,daylight,3869,0.7684114634041768,139.5507323804903,205.21303460730368,8.385224382210783,12.330693733981407,0.3163297124833617
analysis_matched,KFOLD,BestSingleByVal,ALL,8516,0.844035329164471,76.06294653905061,146.8575094951952,4.570415812387452,8.824268768237731,0.2745893292604906
analysis_matched,KFOLD,BestSingleByVal,daylight,3869,0.7433632790079053,149.01424611494693,216.02589456820732,8.953861212372244,12.98040911303359,0.2803065081460041
analysis_matched,KFOLD,Persistence,ALL,8516,0.5221093109505239,117.21702089743961,257.06759050499755,7.043252334637931,15.446493121235951,-0.2697993714766147
analysis_matched,KFOLD,Persistence,daylight,3869,0.20111317287251806,255.49057983976985,381.1439613598147,15.351734834729658,22.90190515957143,-0.26978679569129516
analysis_matched,KFOLD,Climatology,ALL,8516,0.6830627897100681,105.43067836702332,209.34840569826218,6.335043032707019,12.579176948006035,-0.0340878578006385
analysis_matched,KFOLD,Climatology,daylight,3869,0.4704894274617346,229.10966638937848,310.301397370966,13.766577416235592,18.645167952073486,-0.03377373646553261
analysis_matched,KFOLD,SmartPersistence,ALL,8516,0.7036135441720341,89.92831396102095,202.44740726722895,5.403548071829975,12.164514700675628,0.0
analysis_matched,KFOLD,SmartPersistence,daylight,3869,0.5045228316773529,195.8670438928452,300.16374611323073,11.769118542809219,18.03602402961138,0.0
forecast_day1,TEMPORAL,Ridge,ALL,6076,0.5678211061829108,140.37915354396398,234.88840203771667,8.435001959298368,14.113805941878002,-0.07656079230542301
forecast_day1,TEMPORAL,Ridge,daylight,2517,0.35323922080515135,257.1400746490651,344.35145781240976,15.450848496530595,20.691143577990452,-0.01697186965299724
forecast_day1,TEMPORAL,GBM,ALL,6076,0.6330158125368424,101.65865897989671,216.4479478087927,6.108392635424491,13.00576914564093,0.007957088709300564
forecast_day1,TEMPORAL,GBM,daylight,2517,0.3869178483608544,233.84172316551957,335.2659317473098,14.05091385202811,20.145218999977,0.009860380420528503
forecast_day1,TEMPORAL,GBM_kt,ALL,6076,0.6381961703107124,93.77940229321052,214.91482591805536,5.634949507209601,12.913648016358279,0.014983825249182847
forecast_day1,TEMPORAL,GBM_kt,daylight,2517,0.3939959273197847,222.18440706181153,333.32497833436355,13.350457397543627,20.02859238250718,0.015592590859865862
forecast_day1,TEMPORAL,GBM_per_hour,ALL,6076,0.5880364494356307,113.4468059741474,229.32911382537108,6.816710362684909,13.779763416477294,-0.05108098286989393
forecast_day1,TEMPORAL,GBM_per_hour,daylight,2517,0.3219035425471565,253.34036067343501,352.59473728825793,15.222534006664576,21.186459846641746,-0.04131671603140963
forecast_day1,TEMPORAL,CNN,ALL,6076,0.6477074779379557,133.64709000782946,212.07110972215384,8.030490550846032,12.742776835854933,0.028017390697254285
forecast_day1,TEMPORAL,CNN,daylight,2517,0.47661355034993036,222.54921247015494,309.7714049317765,13.372377563440452,18.613322146267446,0.08515327090579428
forecast_day1,TEMPORAL,Mean,ALL,6076,0.6792396276002757,108.27027836716361,202.35789408159548,6.505666882189811,12.159136096537194,0.07253583875648983
forecast_day1,TEMPORAL,Mean,daylight,2517,0.4721337977259903,219.88552653041492,311.09427306996446,13.212323911929966,18.692809698769423,0.08124644939168224
forecast_day1,TEMPORAL,InvRMSE,ALL,6076,0.6802197363222935,107.30301007690007,202.0484972681249,6.447546358468424,12.140545282574152,0.07395389292926757
forecast_day1,TEMPORAL,InvRMSE,daylight,2517,0.47296761957922373,219.26602096252773,310.84847241094855,13.175099505406612,18.678040204951763,0.08197237155663939
forecast_day1,TEMPORAL,RidgeStack,ALL,6076,0.6986333971680034,100.61923108213081,196.1450523916929,6.045936236928977,11.785823318221242,0.10101107088428007
forecast_day1,TEMPORAL,RidgeStack,daylight,2517,0.5093554949186243,210.1400622452749,299.92561483025787,12.6267454391713,18.02171536776425,0.11423080590843981
forecast_day1,TEMPORAL,NNLSStack,ALL,6076,0.6815087598243779,93.863057305285,201.6408607079605,5.639976109614155,12.116051509126578,0.07582220798601846
forecast_day1,TEMPORAL,NNLSStack,daylight,2517,0.46791078632183414,212.89023188176134,312.33619531774656,12.791995661063407,18.76743343262787,0.07757868507230281
forecast_day1,TEMPORAL,BestSingleByVal,ALL,6076,0.6183574195735646,96.95891476258151,220.7283965342669,5.825997773506197,13.26296968058178,-0.01166143324130342
forecast_day1,TEMPORAL,BestSingleByVal,daylight,2517,0.36054818108895026,228.61463759060712,342.40019366114143,13.736832480594291,20.573897416266714,-0.011209208548820238
forecast_day1,TEMPORAL,Persistence,ALL,6076,0.4408727304844634,119.78934679784922,267.16842706780795,7.1978164095888015,16.053424948696897,-0.22450938840704682
forecast_day1,TEMPORAL,Persistence,daylight,2517,0.0615577830680486,286.000720473526,414.79532838005167,17.185006296532592,24.92392438096438,-0.22501348856141812
forecast_day1,TEMPORAL,Climatology,ALL,6076,-0.03542305007582125,286.94318500295566,363.5705615614675,17.24163642965146,21.845967308484667,-0.6663479695804304
forecast_day1,TEMPORAL,Climatology,daylight,2517,-0.20753297875943066,344.45721116410095,470.52162516386056,20.69749800958658,28.272366159455796,-0.3895897519787226
forecast_day1,TEMPORAL,SmartPersistence,ALL,6076,0.6271051069883395,92.21632631816814,218.1840577109539,5.541028518379265,13.110087273059337,0.0
forecast_day1,TEMPORAL,SmartPersistence,daylight,2517,0.3746461969070356,219.1922472718279,338.60470293038344,13.170666644758233,20.3458366897115,0.0
forecast_day1,KFOLD,Ridge,ALL,8516,0.7653485284667629,97.05770466221993,180.13358128780868,5.831933790186536,10.82373751899169,0.23651406127051222
forecast_day1,KFOLD,Ridge,daylight,3869,0.6123938473516488,194.45547502310853,265.48607354111516,11.684301204327516,15.952336895836952,0.24089950361839718
forecast_day1,KFOLD,GBM,ALL,8516,0.818274081909573,75.04568799319408,158.52270637482945,4.5092915100192545,9.525198757137405,0.32811052541530283
forecast_day1,KFOLD,GBM,daylight,3869,0.6968331068710542,160.03573848146195,234.7941650548658,9.616112745872416,14.108143497598222,0.3286564343532309
forecast_day1,KFOLD,GBM_kt,ALL,8516,0.7891380522472008,79.28797345231797,170.7584284988124,4.764198917965736,10.260410057987027,0.27625011313084147
forecast_day1,KFOLD,GBM_kt,daylight,3869,0.6488017185237904,170.90229917662577,252.71010280355128,10.269054856154023,15.18466352352573,0.27742965225965777
forecast_day1,KFOLD,GBM_per_hour,ALL,8516,0.8120675184439226,76.93892045704233,161.20702621304278,4.623050705304372,9.686492243549699,0.316733188458603
forecast_day1,KFOLD,GBM_per_hour,daylight,3869,0.6862914915558187,165.39528693391793,238.84137476047,9.938153451747327,14.351329333490664,0.3170843060848575
forecast_day1,KFOLD,CNN,ALL,8516,0.7667753766843652,99.3065718209291,179.5850758994475,5.967062108109985,10.79077932036526,0.23883887016143202
forecast_day1,KFOLD,CNN,daylight,3869,0.6196220400715815,187.25076731525684,262.99899311194787,11.251389891659795,15.802894989661128,0.24801077677536554
forecast_day1,KFOLD,Mean,ALL,8516,0.8248872238667284,77.52979155152363,155.61159670597664,4.658554544113898,9.350278085936635,0.34044909816991553
forecast_day1,KFOLD,Mean,daylight,3869,0.7082705910379085,160.76931574582252,230.32258144027236,9.660191410730873,13.839458186438758,0.34144196881149713
forecast_day1,KFOLD,InvRMSE,ALL,8516,0.8252012059939549,77.35889607546174,155.47202613209333,4.648285899240171,9.341891669332425,0.341040660108886
forecast_day1,KFOLD,InvRMSE,daylight,3869,0.7087934165428507,160.41745515547007,230.11610153642073,9.639049063779098,13.82705136997367,0.3420323538189515
forecast_day1,KFOLD,RidgeStack,ALL,8516,0.8123251116772231,86.15007707135626,161.09650758934652,5.176524081711427,9.67985147970491,0.31720161535910973
forecast_day1,KFOLD,RidgeStack,daylight,3869,0.6951913806170718,163.94298136219226,235.42904193355753,9.850888355515147,14.146291524427582,0.32684114006179055
forecast_day1,KFOLD,NNLSStack,ALL,8516,0.8192487552659847,79.50186989949049,158.09702249276256,4.777051374369971,9.499620569147037,0.3299147623375821
forecast_day1,KFOLD,NNLSStack,daylight,3869,0.6994908038200005,162.47335378506168,233.7627441288644,9.762582427038001,14.046168216282975,0.33160556131293484
forecast_day1,KFOLD,BestSingleByVal,ALL,8516,0.7900881962996272,87.73902097375633,170.3732753475529,5.271999404019609,10.237267251498409,0.27788256285588286
forecast_day1,KFOLD,BestSingleByVal,daylight,3869,0.655190636814103,174.47955860076038,250.40093061145635,10.484002656377395,15.045911639980725,0.2840322349634107
forecast_day1,KFOLD,Persistence,ALL,8516,0.5221093109505239,117.21702089743961,257.06759050499755,7.043252334637931,15.446493121235951,-0.08956636097768444
forecast_day1,KFOLD,Persistence,daylight,3869,0.20111317287251806,255.49057983976985,381.1439613598147,15.351734834729658,22.90190515957143,-0.08979942488877302
forecast_day1,KFOLD,Climatology,ALL,8516,0.6830627897100681,105.43067836702332,209.34840569826218,6.335043032707019,12.579176948006035,0.11268868967478396
forecast_day1,KFOLD,Climatology,daylight,3869,0.4704894274617346,229.10966638937848,310.301397370966,13.766577416235592,18.645167952073486,0.11275969533774333
forecast_day1,KFOLD,SmartPersistence,ALL,8516,0.5974487346388517,103.89611118159637,235.93568938226664,6.242835059592995,14.1767345931785,0.0
forecast_day1,KFOLD,SmartPersistence,daylight,3869,0.3273454079588435,225.70805914081126,349.7377156339709,13.562184078036399,21.014789177291814,0.0
era5_full,TEMPORAL,Ridge,ALL,6076,0.5791369380384364,134.9614109749813,231.79293886359264,8.109464527061103,13.92780796939062,-0.18494397045594324
era5_full,TEMPORAL,Ridge,daylight,2517,0.3685425778141469,244.58827041977787,340.253126319633,14.696644680694007,20.444885972792687,-0.12036620641967755
era5_full,TEMPORAL,GBM,ALL,6076,0.6645173971201359,93.7107069448498,206.9496987426736,5.630821790355718,12.435045163767603,-0.05794334769238274
era5_full,TEMPORAL,GBM,daylight,2517,0.4394145363004228,216.2944600970689,320.59076228632347,12.996546486033477,19.263427936051766,-0.05562308873103161
era5_full,TEMPORAL,GBM_kt,ALL,6076,0.6804963950213211,86.70720096104259,201.96107697338743,5.2100001426680445,12.135292434563768,-0.03244111576339548
era5_full,TEMPORAL,GBM_kt,daylight,2517,0.4660568426991165,203.5711543715813,312.87985431724377,12.232037611219459,18.800100424913964,-0.030233048078609936
era5_full,TEMPORAL,GBM_per_hour,ALL,6076,0.5976409784477845,108.80289244830861,226.64005571629227,6.537670215338568,13.618185220241461,-0.1586020212758137
era5_full,TEMPORAL,GBM_per_hour,daylight,2517,0.33984933438972353,242.79696834396194,347.89775070243917,14.589010205504852,20.904230683308235,-0.14553799223663488
era5_full,TEMPORAL,CNN,ALL,6076,0.715714474862768,118.53817623336325,190.50534725846038,7.122636969505125,11.446948758518309,0.026121487219364914
era5_full,TEMPORAL,CNN,daylight,2517,0.5738098245781709,198.38131097976836,279.5321759361818,11.920194021389834,16.7963290287984,0.0795722969150362
era5_full,TEMPORAL,Mean,ALL,6076,0.7032758786957098,101.52533628777576,194.62840465764404,6.100381637061355,11.694692076257592,0.005044089310011102
era5_full,TEMPORAL,Mean,daylight,2517,0.512231617507077,205.69017066322925,299.045251651096,12.359363543315482,17.96881673606821,0.015320747338496865
era5_full,TEMPORAL,InvRMSE,ALL,6076,0.7052856621609855,100.6431756958583,193.96815237145123,6.047375003715976,11.655019310130507,0.008419351599447511
era5_full,TEMPORAL,InvRMSE,daylight,2517,0.515073632293475,204.4821012891579,298.17277542679955,12.286773936668018,17.916392010063024,0.018193587591809113
era5_full,TEMPORAL,RidgeStack,ALL,6076,0.7620268159277264,88.42131215380411,174.29856329736754,5.312996427403944,10.473127140318207,0.1089718580258735
era5_full,TEMPORAL,RidgeStack,daylight,2517,0.613331916328187,184.6091765175055,266.2559067434418,11.092663877204101,15.99859408150893,0.12328764352114974
era5_full,TEMPORAL,NNLSStack,ALL,6076,0.7344779808918179,91.11583818951652,184.11114018060093,5.47490317649612,11.062738226767149,0.05880918322901385
era5_full,TEMPORAL,NNLSStack,daylight,2517,0.5640023809576763,192.4526205274682,282.73016518866655,11.563955118969302,16.988487514795224,0.0690421391888395
era5_full,TEMPORAL,BestSingleByVal,ALL,6076,0.7223235834796891,93.46221600236339,188.27787786669433,5.615890644713181,11.313106174277769,0.037508488212961266
era5_full,TEMPORAL,BestSingleByVal,daylight,2517,0.5478346604578097,195.69072793460163,287.9245670543548,11.758524195887372,17.300605010935712,0.051938307180508514
era5_full,TEMPORAL,Persistence,ALL,6076,0.4408727304844634,119.78934679784922,267.16842706780795,7.1978164095888015,16.053424948696897,-0.36578628452741935
era5_full,TEMPORAL,Persistence,daylight,2517,0.0615577830680486,286.000720473526,414.79532838005167,17.185006296532592,24.92392438096438,-0.3658145437911524
era5_full,TEMPORAL,Climatology,ALL,6076,-0.03542305007582125,286.94318500295566,363.5705615614675,17.24163642965146,21.845967308484667,-0.8586016764344544
era5_full,TEMPORAL,Climatology,daylight,2517,-0.20753297875943066,344.45721116410095,470.52162516386056,20.69749800958658,28.272366159455796,-0.5493069348848432
era5_full,TEMPORAL,SmartPersistence,ALL,6076,0.7002596709610652,85.32582807380449,195.61510471621983,5.126997198739295,11.753980202145314,0.0
era5_full,TEMPORAL,SmartPersistence,daylight,2517,0.4969350372011072,203.44067872623842,303.6981340297386,12.224197684162462,18.248395797413263,0.0
era5_full,KFOLD,Ridge,ALL,8516,0.7810387933518217,92.6245684340536,174.00696462369217,5.565558678024966,10.455605768222098,0.13277335261685486
era5_full,KFOLD,Ridge,daylight,3869,0.6387591364603604,184.56492439008903,256.29778285204014,11.090004887090272,15.400237470756158,0.1384823142185334
era5_full,KFOLD,GBM,ALL,8516,0.8266883429331986,70.89469876416362,154.8092582326614,4.259869844508693,9.302067746840132,0.22845206632204618
era5_full,KFOLD,GBM,daylight,3869,0.7106143997104946,151.95941244519386,229.39548821131555,9.130828255832242,13.783751673005096,0.22891151092550643
era5_full,KFOLD,GBM_kt,ALL,8516,0.8255781632947571,71.53544929388056,155.30429629674288,4.29837080307083,9.331813239208747,0.22598486507197635
era5_full,KFOLD,GBM_kt,daylight,3869,0.7091669474937945,154.2638551359785,229.96846911221337,9.269295956492453,13.81818053868564,0.2269854966843945
era5_full,KFOLD,GBM_per_hour,ALL,8516,0.8152583479871568,74.88101474592268,159.83263299479447,4.499396741969217,9.603908688968426,0.20341626121542333
era5_full,KFOLD,GBM_per_hour,daylight,3869,0.6914055608212848,161.8652131387594,236.88658183456934,9.726040907776866,14.233871137286123,0.20373099796725114
era5_full,KFOLD,CNN,ALL,8516,0.8224171451409086,85.0237547766468,156.70525452574083,5.108846434975223,9.415993013115077,0.21900268300423453
era5_full,KFOLD,CNN,daylight,3869,0.708627138680054,162.3883959176014,230.18178987461948,9.757477539592868,13.830998403756261,0.22626844167317983
era5_full,KFOLD,Mean,ALL,8516,0.8456629189755667,71.77606533319492,146.08922443728827,4.312828767176017,8.778104606357989,0.2719115088207029
era5_full,KFOLD,Mean,daylight,3869,0.7427383798095415,149.03998864261646,216.28874146584718,8.95540801092351,12.996202869019541,0.2729684434460595
era5_full,KFOLD,InvRMSE,ALL,8516,0.8467641947373308,71.39893169907045,145.56707982957488,4.290167831684901,8.74673035542464,0.2745138053355335
era5_full,KFOLD,InvRMSE,daylight,3869,0.7445750931434694,148.24991447900024,215.51526422601873,8.907934600877574,12.949726723034075,0.2755684047654531
era5_full,KFOLD,RidgeStack,ALL,8516,0.8410245875496318,76.51479540479419,148.26820253114153,4.597566183162841,8.909033480246407,0.2610517833428161
era5_full,KFOLD,RidgeStack,daylight,3869,0.7393298974449607,149.15161164336735,217.71684127805077,8.96211513378518,13.082013506923396,0.268168038106678
era5_full,KFOLD,NNLSStack,ALL,8516,0.8490186503830138,72.15650559328753,144.49229662505755,4.335688388838232,8.682149552598489,0.27987037618965416
era5_full,KFOLD,NNLSStack,daylight,3869,0.7490374683527627,146.65252664034546,213.6244003999203,8.811951905380038,12.83610985275631,0.28192434202507677
era5_full,KFOLD,BestSingleByVal,ALL,8516,0.8227229871681213,80.58687341470451,156.5702535817176,4.842246287899704,9.407881173154548,0.21967550903928446
era5_full,KFOLD,BestSingleByVal,daylight,3869,0.7078843658281374,159.00313818209358,230.47499487782648,9.55406659921563,13.848616295829904,0.2252828642990351
era5_full,KFOLD,Persistence,ALL,8516,0.5221093109505239,117.21702089743961,257.06759050499755,7.043252334637931,15.446493121235951,-0.281189319902418
era5_full,KFOLD,Persistence,daylight,3869,0.20111317287251806,255.49057983976985,381.1439613598147,15.351734834729658,22.90190515957143,-0.2811748111369763
era5_full,KFOLD,Climatology,ALL,8516,0.6830627897100681,105.43067836702332,209.34840569826218,6.335043032707019,12.579176948006035,-0.04336350215255069
era5_full,KFOLD,Climatology,daylight,3869,0.4704894274617346,229.10966638937848,310.301397370966,13.766577416235592,18.645167952073486,-0.0430450813229184
era5_full,KFOLD,SmartPersistence,ALL,8516,0.7088599517312942,90.57975073949031,200.64762210519922,5.442691138047618,12.056370499882435,0.0
era5_full,KFOLD,SmartPersistence,daylight,3869,0.5132920086289425,197.27589113995776,297.49567197747916,11.853772346381449,17.875706703324255,0.0
