mode,fold,model,subset,n,R2,MAE,RMSE,nMAE_pct,nRMSE_pct
TEMPORAL,T1,Ridge,ALL,1598,0.7330718474276565,204.97794511156445,235.9606099487106,12.316567844865329,14.178232002312798
TEMPORAL,T1,Ridge,daylight,913,0.6890965443907683,214.0402379336886,258.0423556980047,12.861096400427627,15.50506411347588
TEMPORAL,T1,GBM,ALL,1598,0.8671156842497905,93.31719101464641,166.486560827839,5.607176487200066,10.003725135298422
TEMPORAL,T1,GBM,daylight,913,0.7739914459869685,159.1379204403661,220.00910876548363,9.562165298943516,13.219749632691363
TEMPORAL,T1,GBM_kt,ALL,1598,0.8697477317544876,87.85598190284011,164.82950988244076,5.279027268492905,9.904157445807304
TEMPORAL,T1,GBM_kt,daylight,913,0.7784375087687234,151.46710335149564,217.83433952259688,9.101246739879986,13.089073657223066
TEMPORAL,T1,GBM_per_hour,ALL,1598,0.7054208213249057,124.84310421595998,247.8810592238502,7.501482962972261,14.894499414197638
TEMPORAL,T1,GBM_per_hour,daylight,913,0.49831111693619656,216.82585770162243,327.789820307782,13.028476724408733,19.695999774412996
TEMPORAL,T1,CNN,ALL,1598,0.8219141628231645,120.86071892213837,192.7334124556924,7.262192249871145,11.580827143090636
TEMPORAL,T1,CNN,daylight,913,0.7065532671391375,185.22724756340205,250.6933782036899,11.129802087198296,15.063484021286683
TEMPORAL,T1,Mean,ALL,1598,0.8612723105276339,112.1350885367195,170.10767013459875,6.737892825497773,10.221307755838916
TEMPORAL,T1,Mean,daylight,913,0.7709853462762924,164.1082642325668,221.46742665332002,9.860819754161252,13.30737599266459
TEMPORAL,T1,InvRMSE,ALL,1598,0.8621251361587604,111.36942039927034,169.58399736704587,6.691885907258781,10.189841681932462
TEMPORAL,T1,InvRMSE,daylight,913,0.7720512700006934,163.61157587805593,220.95142754802617,9.830975100324185,13.276371008275742
TEMPORAL,T1,RidgeStack,ALL,1598,0.8610264958943898,90.58049926764183,170.25831218698644,5.442736115070668,10.230359427507851
TEMPORAL,T1,RidgeStack,daylight,913,0.7638308750233541,155.93572316713747,224.90016996517497,9.369753964412393,13.513640212317377
TEMPORAL,T1,NNLSStack,ALL,1598,0.8482875446378435,95.72227437102976,177.8905747838382,5.751691412039072,10.688961351889466
TEMPORAL,T1,NNLSStack,daylight,913,0.7417145558567397,165.3145124508424,235.19505658543142,9.9332999325046,14.132231980541865
TEMPORAL,T1,BestSingleByVal,ALL,1598,0.8671156842497905,93.31719101464641,166.486560827839,5.607176487200066,10.003725135298422
TEMPORAL,T1,BestSingleByVal,daylight,913,0.7739914459869685,159.1379204403661,220.00910876548363,9.562165298943516,13.219749632691363
TEMPORAL,T1,Persistence,ALL,1598,0.5627855931203611,154.4225535784953,301.9879068202428,9.278831714756928,18.145632890679934
TEMPORAL,T1,Persistence,daylight,913,0.25506118368346387,268.666258803962,399.42801830804507,16.14342558846569,24.000544468106266
TEMPORAL,T1,Climatology,ALL,1598,-0.037903279252274436,353.6167406254401,465.2868320262433,21.24786925063022,27.957821661518683
TEMPORAL,T1,Climatology,daylight,913,-0.549529948877179,431.4907364880346,576.0739151955406,25.92710609667417,34.61471650670174
TEMPORAL,T1,SmartPersistence,ALL,1598,0.7200029996892306,123.19369844952551,241.66792273965885,7.402374651514923,14.521168922493757
TEMPORAL,T1,SmartPersistence,daylight,913,0.5229725523524039,214.27412746357433,319.631746400319,12.875150186855594,19.205803276882467
TEMPORAL,T2,Ridge,ALL,1433,0.21147293643947196,174.0165148606564,275.7666281451245,10.45617961601553,16.57006749214187
TEMPORAL,T2,Ridge,daylight,562,-0.1870785706077429,310.0854689110928,420.4307287988202,18.632193397546565,25.262540282070074
TEMPORAL,T2,GBM,ALL,1433,0.34776764056842835,108.66931155796374,250.80406894197762,6.529643702545619,15.07013512702968
TEMPORAL,T2,GBM,daylight,562,-0.07054370436458379,267.11373751263864,399.26102647239895,16.050138801905437,23.990510382379853
TEMPORAL,T2,GBM_kt,ALL,1433,0.4089043057275845,101.31558751548093,238.76040397784618,6.087778403172264,14.346464019141381
TEMPORAL,T2,GBM_kt,daylight,562,0.029802342809188143,251.46990352375423,380.0885867349616,15.110143318132607,22.838490565568755
TEMPORAL,T2,GBM_per_hour,ALL,1433,0.40397160711640356,113.50659997959245,239.75456302447733,6.820303222025846,14.406200335357036
TEMPORAL,T2,GBM_per_hour,daylight,562,0.026894116797475,272.60713403095974,380.6578297043096,16.380222074424452,22.872694829097554
TEMPORAL,T2,CNN,ALL,1433,0.5937943009752178,120.52824082933357,197.92762490380247,7.24221454453932,11.892933257643456
TEMPORAL,T2,CNN,daylight,562,0.3980430650991179,203.7981021838531,299.3900957284357,12.245674288695021,17.98953747981526
TEMPORAL,T2,Mean,ALL,1433,0.44723664520415674,118.13377124662287,230.8888864029321,7.098337372525173,13.873485913127528
TEMPORAL,T2,Mean,daylight,562,0.10613066984795982,250.08003060099895,364.8310022012958,15.02662963016223,21.92170376221105
TEMPORAL,T2,InvRMSE,ALL,1433,0.45251512170075747,116.24231299454742,229.78383390400953,6.984684784805367,13.807086310635125
TEMPORAL,T2,InvRMSE,daylight,562,0.11337016601239791,247.51637563587835,363.3506056216748,14.872586568155983,21.832750753631103
TEMPORAL,T2,RidgeStack,ALL,1433,0.5441657129420739,131.80894341609672,209.67029276244764,7.9200413159609715,12.598518267201458
TEMPORAL,T2,RidgeStack,daylight,562,0.31152429765535194,220.27175123563526,320.1835584316878,13.235531105184927,19.23896016270385
TEMPORAL,T2,NNLSStack,ALL,1433,0.4915126873093476,102.79886649071524,221.44886961144022,6.176904607073822,13.306260950433149
TEMPORAL,T2,NNLSStack,daylight,562,0.16892595897734308,231.28780516657002,351.78277999098464,13.897455857866033,21.13767153854569
TEMPORAL,T2,BestSingleByVal,ALL,1433,0.4089043057275845,101.31558751548093,238.76040397784618,6.087778403172264,14.346464019141381
TEMPORAL,T2,BestSingleByVal,daylight,562,0.029802342809188143,251.46990352375423,380.0885867349616,15.110143318132607,22.838490565568755
TEMPORAL,T2,Persistence,ALL,1433,0.21453519345039151,124.16253129504274,275.2306352783222,7.460589185110974,16.537861136942333
TEMPORAL,T2,Persistence,daylight,562,-0.2921808006211135,310.2738262096622,438.64820855751515,18.643511275895104,26.3571791481603
TEMPORAL,T2,Climatology,ALL,1433,-0.21227011035318277,298.0984340494832,341.92677162299395,17.91192503866813,20.545450772170813
TEMPORAL,T2,Climatology,daylight,562,-0.06526484566876278,296.63896202355096,398.2754304809869,17.82422932967225,23.931288596888507
TEMPORAL,T2,SmartPersistence,ALL,1433,0.5051666428563643,90.2862118785483,218.4554536593586,5.42505318536969,13.126394718279984
TEMPORAL,T2,SmartPersistence,daylight,562,0.18469364365304075,226.34366129606812,348.42967206107073,13.60037568476415,20.936192392643125
TEMPORAL,T3,Ridge,ALL,1525,0.2266834776636495,84.3053366730436,189.27865623140337,5.065678642902801,11.373240227333591
TEMPORAL,T3,Ridge,daylight,445,-0.15405929147791508,233.03113369144012,342.1233706912898,14.002207732711716,20.55726387607126
TEMPORAL,T3,GBM,ALL,1525,0.5836132529572934,65.01063930892506,138.89015050021504,3.906312697449664,8.345531811670716
TEMPORAL,T3,GBM,daylight,445,0.3675991957189233,198.75515027640452,253.25900016888113,11.942657009091219,15.217645274983296
TEMPORAL,T3,GBM_kt,ALL,1525,0.6060854298528658,54.40406600733077,135.09025512177593,3.268992523323023,8.117206421802733
TEMPORAL,T3,GBM_kt,daylight,445,0.3986258197247342,173.4276917603422,246.9682191829792,10.420798835611587,14.839649336113489
TEMPORAL,T3,GBM_per_hour,ALL,1525,0.29318423984994035,102.74454560010335,180.95730169180234,6.173640612334043,10.873232640212981
TEMPORAL,T3,GBM_per_hour,daylight,445,0.08933686806829333,262.06004997000974,303.91179700441876,15.746476447149846,18.261234225089723
TEMPORAL,T3,CNN,ALL,1525,0.2176106260652516,151.8698595613948,190.3857640210867,9.125447266338888,11.439763326664067
TEMPORAL,T3,CNN,daylight,445,0.22340770613702388,205.65517633501045,280.65011180667227,12.357260829204177,16.863502758087225
TEMPORAL,T3,Mean,ALL,1525,0.522136014049364,86.54696354005158,148.79048181061674,5.200371911368097,8.940415823240052
TEMPORAL,T3,Mean,daylight,445,0.31781746984941617,198.10883188183539,263.0382932744043,11.903821492656695,15.80525642965383
TEMPORAL,T3,InvRMSE,ALL,1525,0.5340360584599497,84.68376684505033,146.92616892074147,5.088417483832874,8.828394326587288
TEMPORAL,T3,InvRMSE,daylight,445,0.3313421925302993,195.96254917626914,260.4177853105605,11.77485719582476,15.647797225410539
TEMPORAL,T3,RidgeStack,ALL,1525,0.6283732841714196,50.10298316564401,131.21287854559964,3.010552140397004,7.884225397260926
TEMPORAL,T3,RidgeStack,daylight,445,0.42017996959499215,168.04483039381515,242.50197971061002,10.097357320065852,14.571285139941503
TEMPORAL,T3,NNLSStack,ALL,1525,0.6193380863380995,57.52340375199956,132.79836030573628,3.4564250538928434,7.979492688846325
TEMPORAL,T3,NNLSStack,daylight,445,0.42002173621525696,179.11442815581216,242.5350669516983,10.762499376089487,14.573273262368241
TEMPORAL,T3,BestSingleByVal,ALL,1525,0.5836132529572934,65.01063930892506,138.89015050021504,3.906312697449664,8.345531811670716
TEMPORAL,T3,BestSingleByVal,daylight,445,0.3675991957189233,198.75515027640452,253.25900016888113,11.942657009091219,15.217645274983296
TEMPORAL,T3,Persistence,ALL,1525,0.1146878916463201,74.82006129867518,202.52153082539678,4.495734214920301,12.168968583909653
TEMPORAL,T3,Persistence,daylight,445,-0.3852516120836018,254.024097087906,374.8288524614064,15.263617870259038,22.522447422532334
TEMPORAL,T3,Climatology,ALL,1525,-0.9458267029776937,282.142018582205,300.2445127101742,16.953147383069016,18.040877074997855
TEMPORAL,T3,Climatology,daylight,445,-0.0006239468742497145,257.48381635825393,318.56945115671937,15.471503001970335,19.141972841701005
TEMPORAL,T3,SmartPersistence,ALL,1525,0.5176163211197407,51.34064535477426,149.49246466377352,3.084919898904635,8.982596065763861
TEMPORAL,T3,SmartPersistence,daylight,445,0.24541435720058602,173.8991800669185,276.6450794963818,10.44912928703087,16.622851247293116
TEMPORAL,T4,Ridge,ALL,1520,0.6509355808786188,91.30286635730396,201.96339231013496,5.4861411909869044,12.135431556858702
TEMPORAL,T4,Ridge,daylight,597,0.40863862795735995,227.5958991040273,321.7118096236371,13.675619252608682,19.33078862492888
TEMPORAL,T4,GBM,ALL,1520,0.5478086722610873,94.51070663900947,229.86930357040424,5.678891598566675,13.812221950687793
TEMPORAL,T4,GBM,daylight,597,0.23270039041885027,235.1799626270524,366.4569948103957,14.131325025589605,22.019405240652198
TEMPORAL,T4,GBM_kt,ALL,1520,0.5563034646571361,94.62466454548677,227.69992327180216,5.685739019570054,13.681869782241066
TEMPORAL,T4,GBM_kt,daylight,597,0.24790074153984965,236.23930166358923,362.80904643612257,14.194977830319983,21.800209933460263
TEMPORAL,T4,GBM_per_hour,ALL,1520,0.4900081647409551,104.45943209407082,244.11894092958036,6.276683482813096,14.66844394668593
TEMPORAL,T4,GBM_per_hour,daylight,597,0.1398691007656152,252.41124811554738,387.99202763598305,15.166706157241503,23.31338685752023
TEMPORAL,T4,CNN,ALL,1520,0.5132265070493606,110.12869716619326,238.49722265435534,6.617334218936522,14.330650168414602
TEMPORAL,T4,CNN,daylight,597,0.18235173928794013,244.92163109588512,378.2890634684875,14.716675418058706,22.73036210136799
TEMPORAL,T4,Mean,ALL,1520,0.5858596128610585,93.6748695003637,219.9852984863889,5.628668415678459,13.218318937707494
TEMPORAL,T4,Mean,daylight,597,0.2978167895397764,227.5277882706728,350.5627343664204,13.671526657673533,21.064362311542766
TEMPORAL,T4,InvRMSE,ALL,1520,0.5805431942752963,93.75755227008288,221.3927975730017,5.633636598681237,13.302891733977926
TEMPORAL,T4,InvRMSE,daylight,597,0.2887141680922203,228.3130530782672,352.8276452164749,13.718711086582006,21.200454651292215
TEMPORAL,T4,RidgeStack,ALL,1520,0.6195583866234995,87.58054261384201,210.84527495071742,5.262476869920805,12.66911975474421
TEMPORAL,T4,RidgeStack,daylight,597,0.3549671789419392,219.5246278158565,335.993931730737,13.190638488649112,20.18896254117633
TEMPORAL,T4,NNLSStack,ALL,1520,0.5459116052137182,96.70276173022813,230.35098139669873,5.810606233699652,13.841164662664413
TEMPORAL,T4,NNLSStack,daylight,597,0.23019703336364983,234.14274391588066,367.05430104212275,14.069001371114695,22.055295749376064
TEMPORAL,T4,BestSingleByVal,ALL,1520,0.5478086722610873,94.51070663900947,229.86930357040424,5.678891598566675,13.812221950687793
TEMPORAL,T4,BestSingleByVal,daylight,597,0.23270039041885027,235.1799626270524,366.4569948103957,14.131325025589605,22.019405240652198
TEMPORAL,T4,Persistence,ALL,1520,0.34203194639996626,124.37324322303981,277.28237766594276,7.473250292409546,16.66114476291273
TEMPORAL,T4,Persistence,daylight,597,-0.11732053829102962,313.49565428793846,442.21087442841065,18.837102172169253,26.571250061416784
TEMPORAL,T4,Climatology,ALL,1520,0.14319982687409372,211.14842514982453,316.41687593026205,12.687335226620732,19.012630444384026
TEMPORAL,T4,Climatology,daylight,597,-0.14794192187991562,321.1999382743851,448.22955085762396,19.30003166618644,26.932895976719283
TEMPORAL,T4,SmartPersistence,ALL,1520,0.7436485931470078,74.57799602616306,173.07634613970407,4.481189170329486,10.399687431790895
TEMPORAL,T4,SmartPersistence,daylight,597,0.5654037133732545,186.53073336629396,275.7931865565405,11.208125007829581,16.5716633149309
KFOLD,K1,Ridge,ALL,1553,0.8350244228997232,85.51386000298227,158.08585358100544,5.138295526525041,9.49894945958286
KFOLD,K1,Ridge,daylight,698,0.7281673185955848,168.96435921391748,233.65159802865404,10.152609308722168,14.03948974907916
KFOLD,K1,GBM,ALL,1553,0.8550885830787476,67.66480046626364,148.16119831369318,4.065794030662242,8.902603887525238
KFOLD,K1,GBM,daylight,698,0.757641907118194,146.3282889164776,220.62091645329193,8.792469341430488,13.256511494514106
KFOLD,K1,GBM_kt,ALL,1553,0.8414167271309843,70.92681606085985,154.99292302532268,4.261799685612025,9.313103665257087
KFOLD,K1,GBM_kt,daylight,698,0.7347602235633727,154.57955041936452,230.8007669851926,9.28826522840125,13.868191056715307
KFOLD,K1,GBM_per_hour,ALL,1553,0.8283237458915458,72.21464747939876,161.26432189196072,4.339181976816821,9.689934985236988
KFOLD,K1,GBM_per_hour,daylight,698,0.7122434881999515,158.17380605925825,240.39780684467326,9.504234285054865,14.444851108970369
KFOLD,K1,CNN,ALL,1553,0.8620212244757685,79.32999833784206,144.57370926997172,4.766724079165145,8.687041417252365
KFOLD,K1,CNN,daylight,698,0.7728209307671053,153.86727772133557,213.6004085662811,9.245466697054162,12.834668248653102
KFOLD,K1,Mean,ALL,1553,0.8731055636649435,67.72290949213244,138.64508261882003,4.0692856441581355,8.330806348469508
KFOLD,K1,Mean,daylight,698,0.7878251286137086,142.16639401591195,206.42623659554437,8.542392383745522,12.403591745470202
KFOLD,K1,InvRMSE,ALL,1553,0.8738160202611157,67.47903930224466,138.25641477832446,4.054632146985753,8.30745235385328
KFOLD,K1,InvRMSE,daylight,698,0.7890083855137966,141.6620613612811,205.84983289416053,8.512088404682014,12.368957213007395
KFOLD,K1,RidgeStack,ALL,1553,0.8791712411021417,65.19700726840725,135.29082270124454,3.917511041817016,8.129257982758041
KFOLD,K1,RidgeStack,daylight,698,0.7983390057053791,137.82764960545174,201.24674891829136,8.281689019469535,12.09237040239444
KFOLD,K1,NNLSStack,ALL,1553,0.8818894600190581,67.47652323130346,133.76038432711496,4.054480963118469,8.037298098697866
KFOLD,K1,NNLSStack,daylight,698,0.8032484369476088,137.573030148282,198.78198209410027,8.266389628029412,11.944269260120816
KFOLD,K1,BestSingleByVal,ALL,1553,0.8620212244757685,79.32999833784206,144.57370926997172,4.766724079165145,8.687041417252365
KFOLD,K1,BestSingleByVal,daylight,698,0.7728209307671053,153.86727772133557,213.6004085662811,9.245466697054162,12.834668248653102
KFOLD,K1,Persistence,ALL,1553,0.5449043799642646,119.89399611226536,262.56359392410303,7.2041045025844825,15.776733035340767
KFOLD,K1,Persistence,daylight,698,0.23682880027755282,264.46358616188957,391.49742282172485,15.89089840707712,23.524016530896816
KFOLD,K1,Climatology,ALL,1553,0.6690464702107468,108.81525470407712,223.9064937143901,6.538413029702355,13.453932905992486
KFOLD,K1,Climatology,daylight,698,0.44543203297209155,239.33408651312791,333.73004824330167,14.38093504412588,20.052931932855557
KFOLD,K1,SmartPersistence,ALL,1553,0.7046162348596688,93.86720879264051,211.53220252614338,5.640225561210732,12.710395366530825
KFOLD,K1,SmartPersistence,daylight,698,0.5046906486827112,206.90348479274104,315.3960027108687,12.432268293068592,18.95128894610322
KFOLD,K2,Ridge,ALL,1663,0.7685471759692559,92.53034535697921,174.28063914094437,5.559897069305516,10.472050126454459
KFOLD,K2,Ridge,daylight,749,0.6047793392087378,189.62192211673414,258.154906115917,11.393866141810404,15.511826962315206
KFOLD,K2,GBM,ALL,1663,0.8073660817770221,69.94210390680415,158.99529802214994,4.202631007506245,9.553595505304488
KFOLD,K2,GBM,daylight,749,0.6681125242151758,151.15881271863324,236.56799826196598,9.082722393304458,14.214728315925058
KFOLD,K2,GBM_kt,ALL,1663,0.7999090865109806,72.96300835202975,162.04348894465332,4.3841489485326575,9.736753016619579
KFOLD,K2,GBM_kt,daylight,749,0.6555733129011938,158.78304953419192,240.9955149718569,9.540842070292333,14.480765766500367
KFOLD,K2,GBM_per_hour,ALL,1663,0.7984529893747945,76.33984489131963,162.63202978961922,4.58705388210757,9.772116837066465
KFOLD,K2,GBM_per_hour,daylight,749,0.6525849140252469,166.51870657237262,242.03874901826288,10.005656685755017,14.543450866127253
KFOLD,K2,CNN,ALL,1663,0.8119505345668241,92.53751578073309,157.0919582536389,5.560327920588531,9.439228989541354
KFOLD,K2,CNN,daylight,749,0.6862984201876999,167.6948474746438,229.99527603928414,10.076327797274159,13.819791294105203
KFOLD,K2,Mean,ALL,1663,0.8285318512222224,74.23920340832294,150.0063457347856,4.460832042343369,9.013473783226916
KFOLD,K2,Mean,daylight,749,0.7054424320965165,152.98539293653369,222.866942839341,9.192476636209056,13.391469118126123
KFOLD,K2,InvRMSE,ALL,1663,0.8293813368967067,74.08837550641577,149.6343044525809,4.451769203481718,8.991118833327935
KFOLD,K2,InvRMSE,daylight,749,0.7069337909412446,152.4130862147694,222.30203397580468,9.158088280121058,13.357525279240804
KFOLD,K2,RidgeStack,ALL,1663,0.8029282437413052,112.04550315244767,160.81631094405566,6.732509883139307,9.663015224517796
KFOLD,K2,RidgeStack,daylight,749,0.6985893135707031,162.2951194675993,225.44462534281695,9.751872811122428,13.54635505680262
KFOLD,K2,NNLSStack,ALL,1663,0.8311420392108653,78.63194722546065,148.8602253160875,4.724780084262913,8.944606521007083
KFOLD,K2,NNLSStack,daylight,749,0.7121468968609437,153.34763646552392,220.31599128836203,9.214242865735569,13.238189369763456
KFOLD,K2,BestSingleByVal,ALL,1663,0.8119505345668241,92.53751578073309,157.0919582536389,5.560327920588531,9.439228989541354
KFOLD,K2,BestSingleByVal,daylight,749,0.6862984201876999,167.6948474746438,229.99527603928414,10.076327797274159,13.819791294105203
KFOLD,K2,Persistence,ALL,1663,0.5070740203165239,116.55381235123427,254.33653835567083,7.003401934878159,15.282391617209557
KFOLD,K2,Persistence,daylight,749,0.14997290043030398,255.8060560504562,378.5968087056154,15.370690943155099,22.748853676595544
KFOLD,K2,Climatology,ALL,1663,0.6957730670455133,101.08641129014147,199.80977532713618,6.0740078264095425,12.006026563221353
KFOLD,K2,Climatology,daylight,749,0.47584155234566694,221.02216123010825,297.2979111604673,13.280621203065271,17.863823793099662
KFOLD,K2,SmartPersistence,ALL,1663,0.6659285042197352,94.47016453578728,209.38116538761247,5.676455533727416,12.581145388738719
KFOLD,K2,SmartPersistence,daylight,749,0.4239302578882683,207.05080526331966,311.6722206848226,12.441120379910577,18.72753700079845
KFOLD,K3,Ridge,ALL,1707,0.7785558056582867,94.05368586838793,173.69311875295801,5.651430462078019,10.436747622495131
KFOLD,K3,Ridge,daylight,803,0.6297711080061164,181.9420701443618,251.5787074099437,10.932404701142902,15.116681048059153
KFOLD,K3,GBM,ALL,1707,0.8616017788752985,64.1022881495094,137.3142843690367,3.851732344056933,8.250842297106017
KFOLD,K3,GBM,daylight,803,0.7661129474352968,132.64004345706087,199.9593969246449,7.9699798595190785,12.015016918528946
KFOLD,K3,GBM_kt,ALL,1707,0.8575707410244542,65.44556290053339,139.2996647539636,3.932446074484256,8.370138410624513
KFOLD,K3,GBM_kt,daylight,803,0.7597276900178417,136.03885668269052,202.67052366392068,8.174205312470658,12.177921158798037
KFOLD,K3,GBM_per_hour,ALL,1707,0.8437102657750571,71.1926483615272,145.92029204021102,4.2777728263552595,8.767953917567226
KFOLD,K3,GBM_per_hour,daylight,803,0.7357530667613257,148.1996321825635,212.54148256767274,8.90491327428987,12.771040262249722
KFOLD,K3,CNN,ALL,1707,0.8181564770840568,88.3466730224847,157.39806250979817,5.308511564779933,9.457621962680662
KFOLD,K3,CNN,daylight,803,0.6992228739860011,160.6322033585977,226.75722334931726,9.651952699884655,13.625225504993017
KFOLD,K3,Mean,ALL,1707,0.8621547977296866,69.00787817572376,137.03966595919684,4.146495921397308,8.234341222932398
KFOLD,K3,Mean,daylight,803,0.76733340086384,138.30235151670877,199.4370073312618,8.310212567663475,11.983627947072275
KFOLD,K3,InvRMSE,ALL,1707,0.8636109847714282,68.49716361273394,136.31390544312268,4.115808470798654,8.190732245242206
KFOLD,K3,InvRMSE,daylight,803,0.7697955101335073,137.23492636536622,198.37896617507437,8.246073890262497,11.920053128446057
KFOLD,K3,RidgeStack,ALL,1707,0.8483339965981184,83.47120387769513,143.74560834707006,5.01555786937302,8.637283082550734
KFOLD,K3,RidgeStack,daylight,803,0.7502371723956125,146.194195452631,206.6344026170098,8.784412029488363,12.416099876161917
KFOLD,K3,NNLSStack,ALL,1707,0.8662049801736604,69.7705233047383,135.0113991495499,4.1923211952722665,8.11246818066481
KFOLD,K3,NNLSStack,daylight,803,0.7750894973637639,135.33847795233822,196.08464932890132,8.132121457328147,11.782193862279017
KFOLD,K3,BestSingleByVal,ALL,1707,0.8181564770840568,88.3466730224847,157.39806250979817,5.308511564779933,9.457621962680662
KFOLD,K3,BestSingleByVal,daylight,803,0.6992228739860011,160.6322033585977,226.75722334931726,9.651952699884655,13.625225504993017
KFOLD,K3,Persistence,ALL,1707,0.42538513812571166,131.8405193205076,279.79431823508605,7.921938626272712,16.812080447360557
KFOLD,K3,Persistence,daylight,803,0.027418710780385158,277.78369921238493,407.75724181096257,16.691267812665657,24.50102487985444
KFOLD,K3,Climatology,ALL,1707,0.6340694637381652,114.57820299871462,223.27998273629504,6.884692936151418,13.416287563401793
KFOLD,K3,Climatology,daylight,803,0.38073312249171476,240.90062649442757,325.3701096123007,14.475064175681327,19.55060593250663
KFOLD,K3,SmartPersistence,ALL,1707,0.7184858783799009,88.52522857878292,195.83961941972353,5.319240483064424,11.767470680725184
KFOLD,K3,SmartPersistence,daylight,803,0.5235594787349478,186.3126898903331,285.3928400672972,11.195023367731958,17.148480414390463
KFOLD,K4,Ridge,ALL,1751,0.7553837838553378,88.902265468893,175.0245319393996,5.341895605470546,10.51674862373178
KFOLD,K4,Ridge,daylight,803,0.6048697894448765,178.16422530818497,257.1368750023152,10.705404268453321,15.450656238450078
KFOLD,K4,GBM,ALL,1751,0.7977592815692092,72.10517399846698,159.144122018081,4.332604012761341,9.562537934900176
KFOLD,K4,GBM,daylight,803,0.6705364250858685,153.0045413294049,234.79992124615825,9.193627211115004,14.108489371494764
KFOLD,K4,GBM_kt,ALL,1751,0.8021673811351773,71.69005454702564,157.4001902589952,4.30766061270619,9.457749813349317
KFOLD,K4,GBM_kt,daylight,803,0.6778508255692692,153.68549595136676,232.17890305402696,9.234543924355071,13.950999509019848
KFOLD,K4,GBM_per_hour,ALL,1751,0.7997150147513281,73.99130943795183,158.37276509458454,4.445936767133409,9.516189192962695
KFOLD,K4,GBM_per_hour,daylight,803,0.6737330156351483,158.73600502746376,233.65808234414197,9.538015293691906,14.039879373980469
KFOLD,K4,CNN,ALL,1751,0.8052089022446596,80.99729951853777,156.18555150631715,4.8669076774478075,9.384765470588835
KFOLD,K4,CNN,daylight,803,0.686340374278995,155.95654720593785,229.09918994113917,9.371005224329892,13.765947914922942
KFOLD,K4,Mean,ALL,1751,0.8212376063900828,70.82876646244398,149.62163062313275,4.255908151620924,8.990357297348211
KFOLD,K4,Mean,daylight,803,0.7089636245048355,147.679132350564,220.68249238006027,8.8736378534607,13.260211424666299
KFOLD,K4,InvRMSE,ALL,1751,0.8217440969768977,70.43435251011792,149.40951749151031,4.232208888755636,8.977611995530532
KFOLD,K4,InvRMSE,daylight,803,0.7097456327831646,147.15603640120256,220.38580847191284,8.84220643899229,13.242384494646151
KFOLD,K4,RidgeStack,ALL,1751,0.8258182544235646,69.06078112329085,147.69222124463013,4.149674715791743,8.874424329545686
KFOLD,K4,RidgeStack,daylight,803,0.7164380500093503,143.35126161415914,217.83026547650252,8.613587858717482,13.088828858861481
KFOLD,K4,NNLSStack,ALL,1751,0.8235260179920508,68.66376408001857,148.66086161892446,4.125819040263483,8.932627298068853
KFOLD,K4,NNLSStack,daylight,803,0.7125060237417794,144.47474117797876,219.3353431334181,8.681094693477547,13.179264886323372
KFOLD,K4,BestSingleByVal,ALL,1751,0.7977592815692092,72.10517399846698,159.144122018081,4.332604012761341,9.562537934900176
KFOLD,K4,BestSingleByVal,daylight,803,0.6705364250858685,153.0045413294049,234.79992124615825,9.193627211115004,14.108489371494764
KFOLD,K4,Persistence,ALL,1751,0.4990290725305221,111.51564173178123,250.4739499717303,6.700671949880374,15.050299174963152
KFOLD,K4,Persistence,daylight,803,0.183903837755109,240.64737604386897,369.5429415237895,14.459847044129196,22.20483139486829
KFOLD,K4,Climatology,ALL,1751,0.6947127876393714,99.41388118273612,195.52874355549667,5.973510036126662,11.748790994620432
KFOLD,K4,Climatology,daylight,803,0.5027799957349746,213.90635148243945,288.44866953658135,12.853051527310077,17.332096905229474
KFOLD,K4,SmartPersistence,ALL,1751,0.7026457580420428,82.41856771716925,192.97158860200014,4.9523078222520045,11.59513850065367
KFOLD,K4,SmartPersistence,daylight,803,0.5152962337843647,177.89881919308633,284.79505274618236,10.689456736043065,17.11256099831229
KFOLD,K5,Ridge,ALL,1842,0.8353846911550871,83.48042171742993,155.8437862151856,5.016111744319981,9.36422972274069
KFOLD,K5,Ridge,daylight,816,0.7321867675036958,169.93699867660754,232.04201487418229,10.211052571602453,13.942774270185987
KFOLD,K5,GBM,ALL,1842,0.8699789871297599,63.490346390682554,138.50362899624795,3.8149624262709243,8.322306784585392
KFOLD,K5,GBM,daylight,816,0.7855324865864427,137.96122779503258,207.64972984347838,8.289715369980911,12.477108130795033
KFOLD,K5,GBM_kt,ALL,1842,0.8706517483518903,62.39368620736149,138.14483807665798,3.749067095223066,8.30074801297781
KFOLD,K5,GBM_kt,daylight,816,0.7865922184196945,137.6654009034906,207.13607271231953,8.27193993576027,12.446243869269367
KFOLD,K5,GBM_per_hour,ALL,1842,0.8624835455527787,66.51867935911366,142.43991751472643,3.9969267270752056,8.558827667690242
KFOLD,K5,GBM_per_hour,daylight,816,0.7727728698697209,147.22621531095547,213.73748944001886,8.846423299019742,12.842905065939497
KFOLD,K5,CNN,ALL,1842,0.8759089301398995,72.56391025326188,135.30836450667,4.360168228033407,8.130312022189095
KFOLD,K5,CNN,daylight,816,0.8000658269858745,138.55712482755004,200.4906516831505,8.325521203752736,12.046938573673263
KFOLD,K5,Mean,ALL,1842,0.8867497614290172,62.94617293671545,129.26291428147866,3.782264521813386,7.767057342224384
KFOLD,K5,Mean,daylight,816,0.8135091785449717,132.83198281734514,193.63298618080572,7.981512974224442,11.634880084302365
KFOLD,K5,InvRMSE,ALL,1842,0.8879932649214626,62.45962995430743,128.55129300625345,3.7530294758233897,7.724297953103811
KFOLD,K5,InvRMSE,daylight,816,0.8155629549913779,131.70236434459457,192.56381875982,7.913637269104688,11.570636718651865
KFOLD,K5,RidgeStack,ALL,1842,0.8918832180490222,59.031815863137126,126.2992976831501,3.5470614396500064,7.588981672280402
KFOLD,K5,RidgeStack,daylight,816,0.8221044370843447,127.88234432478009,189.1181322891434,7.684102644210382,11.363594779749002
KFOLD,K5,NNLSStack,ALL,1842,0.8931122072463105,62.59795031897178,125.57940895855702,3.761340770752158,7.545725514588029
KFOLD,K5,NNLSStack,daylight,816,0.8247763532988688,127.78634372436849,187.69252178672107,7.6783342289427114,11.277933717707032
KFOLD,K5,BestSingleByVal,ALL,1842,0.8759089301398995,72.56391025326188,135.30836450667,4.360168228033407,8.130312022189095
KFOLD,K5,BestSingleByVal,daylight,816,0.8000658269858745,138.55712482755004,200.4906516831505,8.325521203752736,12.046938573673263
KFOLD,K5,Persistence,ALL,1842,0.6149428765685031,107.42678008017886,238.35099064645016,6.454983361711444,14.321863484337566
KFOLD,K5,Persistence,daylight,816,0.3627736942385824,240.19433927268028,357.92947228147796,14.432625295342872,21.507009579163505
KFOLD,K5,Climatology,ALL,1842,0.7169173951654082,103.74167533814159,204.36709509267413,6.233555429325677,12.279863526766107
KFOLD,K5,Climatology,daylight,816,0.5320435227326697,231.14522646760636,306.7279440803991,13.888888691198115,18.430448852075823
KFOLD,K5,SmartPersistence,ALL,1842,0.7205036513659638,90.94592049800411,203.0684479622853,5.464693284039561,12.201831348819995
KFOLD,K5,SmartPersistence,daylight,816,0.5375603064230611,203.2451783086676,304.9145611566924,12.212450595199305,18.321487598725387
