mode,model,subset,R2_mean,MAE_mean,RMSE_mean,nMAE_pct_mean,nRMSE_pct_mean,R2_sd,MAE_sd,RMSE_sd,nMAE_pct_sd,nRMSE_pct_sd,n_seeds,skill_vs_SmartPersistence
KFOLD,BestSingleByVal,ALL,0.8362080874160114,76.57278026653232,150.48547405139868,4.601050335973447,9.042263302093197,0.004598552237656456,3.691909836137335,2.126592416844614,0.2218368320023988,0.12778116087653726,5,0.25815474699146523
KFOLD,BestSingleByVal,daylight,0.7295344450261727,151.97095918418327,221.75408597233167,9.13152206800834,13.324600572358019,0.007170297193899285,3.593096383967505,2.9511353212530103,0.21589940011443298,0.17732570391320834,5,0.2627019837265949
KFOLD,CNN,ALL,0.8340856541563666,81.46598701499616,151.4455439867772,4.895069835796248,9.099951296225782,0.0066654296211742965,2.3065286397124645,3.0078297043814843,0.1385930396642501,0.1807323153700876,5,0.2534219092966222
KFOLD,CNN,daylight,0.7274995309314916,155.9189142036127,222.56873899162755,9.368743959460193,13.373550859066773,0.010730990889133783,3.497329887389095,4.334470576749437,0.21014505151009502,0.26044656121930826,5,0.2599933885165254
KFOLD,Climatology,ALL,0.6887414277474634,104.45871926455845,207.4616589238912,6.276640650824289,12.465807460181514,0.003621832764678524,0.6192333050029769,1.204594166940088,0.03720804698631442,0.07238079089226727,5,-0.022719620110297045
KFOLD,Climatology,daylight,0.47996799315099176,227.0120291908325,307.50741314413546,13.640536095762098,18.477285030481546,0.006053162387385905,1.3469462826915295,1.7861191330854815,0.08093434279053756,0.10732304624132141,5,-0.02241455757810029
KFOLD,GBM,ALL,0.8388243068891047,67.96087663702387,149.28924329306747,4.083584443393873,8.970385045702823,0.001604434220953283,0.45805949391239453,0.7426575301861621,0.027523550549236265,0.044624273362968724,5,0.26405178200540746
KFOLD,GBM,daylight,0.7309384255844181,145.29334658241055,221.1911998371727,8.730282468271417,13.290778273725616,0.002712317229887488,1.0459068137204117,1.1142789086918499,0.0628456989535293,0.06695399238945457,5,0.2645734930113992
KFOLD,GBM_kt,ALL,0.8352395078817463,68.85460812223025,150.93796845205685,4.137286340281586,9.069452461307836,0.0026385669339620815,0.6807170416718158,1.205583290292135,0.04090243768588675,0.07244022462727469,5,0.2559240943304213
KFOLD,GBM_kt,daylight,0.7252300694778209,148.4398297107006,223.52170905280695,8.919346091195411,13.43081224104742,0.004444361726593997,1.5125818030390612,1.8032512062101052,0.09088693121545097,0.108352465971565,5,0.2568249105487139
KFOLD,GBM_per_hour,ALL,0.8300177858132981,70.71357982016762,153.31154040708645,4.248986899221565,9.212073951648568,0.0025703702068419747,1.001003699842216,1.1594899784227397,0.06014759283179218,0.06967060274173562,5,0.2442231437993987
KFOLD,GBM_per_hour,daylight,0.7160717283924674,152.8770241320436,227.21690216503194,9.185965049159812,13.652846356190036,0.0043283564340114156,2.1580436240165426,1.7323959171965868,0.1296709784699623,0.1040949641519053,5,0.24453896533401975
KFOLD,InvRMSE,ALL,0.8568401962174652,68.20563225653565,140.6976535385864,4.098291143626857,8.45413975868562,0.0017851832417344164,0.5988124007464758,0.8760667042560806,0.03598101032833775,0.05264046819146758,5,0.3064055714015962
KFOLD,InvRMSE,daylight,0.7613564602549718,141.8228223450066,208.31212009664713,8.52174809544428,12.516909361549347,0.0029719207034381297,0.9623510138557776,1.2951937953211803,0.05782505794112788,0.0778246764237945,5,0.3073944399287033
KFOLD,Mean,ALL,0.8559952032654202,68.53326898522906,141.11253702832033,4.117977944542076,8.479068980442827,0.0016840375770669027,0.5571748323352852,0.8238861994345285,0.03347912196199411,0.04950508341890493,5,0.3043603285012374
KFOLD,Mean,daylight,0.7599555671306777,142.4815587240249,208.92303265399246,8.56132977482761,12.553617437414427,0.0028050232768120483,0.9024350667965656,1.2187236033804831,0.05422487145988314,0.07322979034161241,5,0.30536325022289823
KFOLD,NNLSStack,ALL,0.8574671547935575,68.34668998292338,140.38395143287556,4.106766919184814,8.435290251408329,0.0032881264115089204,1.4212276381645217,1.6173718943062192,0.08539770763592984,0.09718348310965146,5,0.30795202244245123
KFOLD,NNLSStack,daylight,0.7628553344216092,141.41245503169688,207.64932357389335,8.497090238459016,12.477083719159406,0.005414431952285083,1.6547008294042553,2.3670670839748245,0.0994264774057516,0.1422306303112539,5,0.3095981357897133
KFOLD,Persistence,ALL,0.5226928776638452,117.05769699736614,256.910585738245,7.033678994328097,15.437059131346833,5.4332899861323335e-05,0.018806519099886135,0.014622101663606583,0.001130032639820667,0.0008786023641533939,5,-0.26648701264325014
KFOLD,Persistence,daylight,0.20207332198879646,255.16199459829,380.91485140468706,15.331991040257986,22.888138564805697,9.090233143573986e-05,0.04074206454556525,0.02169715308456424,0.002448079971932053,0.0013037229827875735,5,-0.26648292895399495
KFOLD,Ridge,ALL,0.7968600637134918,88.786251547559,167.6020460136347,5.334924644120136,10.070751609601874,0.0011461902850916506,0.3267649374779927,0.47278723025790453,0.0196344173495362,0.028408500214439997,5,0.1737755220994548
KFOLD,Ridge,daylight,0.6647389882128321,177.4987720026827,246.90883268099424,10.665418987205879,14.836080962548376,0.0018430999134377403,0.4765840546314015,0.678756019870994,0.02863664107596486,0.04078460521351152,5,0.1790663439735085
KFOLD,RidgeStack,ALL,0.853196947676282,74.45900308564879,142.47086822727653,4.474039207809828,8.560687411921567,0.003464881727457949,4.200228146542835,1.6924866030256396,0.252380298293317,0.10169692188759717,5,0.2976641901642252
KFOLD,RidgeStack,daylight,0.759060026233547,143.34389207076393,209.3034790902991,8.61314504287618,12.576477430188564,0.005710204706947334,2.5861860655195525,2.4803923440916096,0.15539689461751657,0.14904003731358176,5,0.3040983247016513
KFOLD,SmartPersistence,ALL,0.7024248563269019,90.0703610410517,202.85291769558222,5.4120832949605004,12.188880720638874,0.0004729298199487879,0.05541439983511087,0.16119841682351133,0.003329700738194905,0.009685974928722104,5,0.0
KFOLD,SmartPersistence,daylight,0.5025327168421472,196.17596465839569,300.7658790310657,11.787680752346052,18.0722045607905,0.000791569793887362,0.12177175657221992,0.23929453608743878,0.00731693402718983,0.014378558566496231,5,0.0
TEMPORAL,BestSingleByVal,ALL,0.6961107416719778,88.39756537006159,196.9642792562645,5.311569547683285,11.83504843486655,0.0,0.0,0.0,0.0,0.0,5,0.01470185973658833
TEMPORAL,BestSingleByVal,daylight,0.49271358108550256,204.7943928103911,304.96970937003164,12.305538685756273,18.324801305040207,0.0,0.0,0.0,0.0,0.0,5,0.01736995510220274
TEMPORAL,CNN,ALL,0.6709660063133843,123.91044021750153,204.93820608783167,7.445441717133717,12.314180034890812,0.008278224168811847,4.425411484961163,2.5668647644085496,0.2659109533286822,0.15423593012518913,5,-0.025187074985009383
TEMPORAL,CNN,daylight,0.49994119893059763,209.35286465267913,302.7860471645012,12.579444874463018,18.193590975606742,0.005244006117523353,1.6013190433713107,1.586198828772573,0.09621891090879556,0.09531037829162607,5,0.024405841044758736
TEMPORAL,Climatology,ALL,0.24488256913667109,182.08033850439088,310.48244113155494,10.940712871254421,18.656046379793935,0.0,0.0,0.0,0.0,0.0,5,-0.5531637157077836
TEMPORAL,Climatology,daylight,-0.09909357084826675,357.4008805458969,448.8977430211982,21.475247937831917,26.97304582850744,0.0,0.0,0.0,0.0,0.0,5,-0.4463744949969295
TEMPORAL,GBM,ALL,0.6852179952967771,90.13191141233906,200.4632398326691,5.4157816895532696,12.045291470049388,0.0,0.0,0.0,0.0,0.0,5,-0.0028014122364021787
TEMPORAL,GBM,daylight,0.4745164623283877,208.287374416173,310.3913755925327,12.515422460837849,18.650574498957752,0.0,0.0,0.0,0.0,0.0,5,-9.896708892886963e-05
TEMPORAL,GBM_kt,ALL,0.7012337951635993,84.32764759064219,195.29698189277164,5.067019245327782,11.734865065949236,0.0,0.0,0.0,0.0,0.0,5,0.02304238217912835
TEMPORAL,GBM_kt,daylight,0.5010736388204402,197.78535441667873,302.4463262126882,11.884384610587658,18.173178066554257,0.0,0.0,0.0,0.0,0.0,5,0.025500441603031665
TEMPORAL,GBM_per_hour,ALL,0.586059973022302,111.52370097613648,229.87858140402733,6.7011562079786104,13.81277943050451,0.0,0.0,0.0,0.0,0.0,5,-0.14994931872437767
TEMPORAL,GBM_per_hour,daylight,0.3271398851304764,245.71849613373735,351.23070935599986,14.76455687328827,21.10449911393558,0.0,0.0,0.0,0.0,0.0,5,-0.13168566287090444
TEMPORAL,InvRMSE,ALL,0.7060465237643918,100.35167016057399,193.71655380654892,6.029859228052752,11.639901435899683,0.0021693422867936525,0.9577821676034738,0.7143706719170961,0.057550528382308695,0.0429245928983241,5,0.03094834797178503
TEMPORAL,InvRMSE,daylight,0.5172162168742563,203.3597885672869,297.5119815725919,12.219337214270611,17.876686702585243,0.0032483859214523995,0.7207276580948199,1.0004385517728103,0.04330656692730618,0.060113634619674755,5,0.041399185466003297
TEMPORAL,Mean,ALL,0.7056097118255307,101.49132710702534,193.86022266840234,6.098338117785012,11.64853410749393,0.0023762767875471352,1.017602497578187,0.7822790613525361,0.061144969492715244,0.047005023528370105,5,0.030229655917913822
TEMPORAL,Mean,daylight,0.5174810773585772,204.13059500712671,297.43030315165475,12.265652879140697,17.871778868172196,0.0033139526048818293,0.7457627432873033,1.02151679237733,0.0448108571820814,0.06138016883297739,5,0.04166235806304053
TEMPORAL,NNLSStack,ALL,0.7130791309378065,87.84729020101506,191.37693162305942,5.278505007743549,11.499319895097246,0.006341002999973834,1.3868155573709597,2.118095870116922,0.08332997919057836,0.1272706264667899,5,0.042652121849036995
TEMPORAL,NNLSStack,daylight,0.5220961471988541,196.48699868240166,295.99205278467997,11.806369941842249,17.785358311008814,0.01031718951475449,1.9450641115626053,3.200013281471148,0.11687361818187098,0.19228010439980725,5,0.04629648394260433
TEMPORAL,Persistence,ALL,0.4408727304844634,119.78934679784922,267.16842706780795,7.1978164095888015,16.053424948696897,0.0,0.0,0.0,0.0,0.0,5,-0.3364888055895532
TEMPORAL,Persistence,daylight,0.0615577830680486,286.000720473526,414.7953283800517,17.185006296532592,24.92392438096438,0.0,0.0,0.0,0.0,0.0,5,-0.33649454233155174
TEMPORAL,Ridge,ALL,0.5944373264854232,138.95102326746118,227.54054043322418,8.349189490877537,13.672292900476615,0.0,0.0,0.0,0.0,0.0,5,-0.13825345473781803
TEMPORAL,Ridge,daylight,0.4062272355212196,242.05815535132578,329.94399207675144,14.544616939958555,19.825438103632095,0.0,0.0,0.0,0.0,0.0,5,-0.06309862844364189
TEMPORAL,RidgeStack,ALL,0.7331991905480406,89.23150740277087,184.54809399176318,5.361678858804335,11.088993594179108,0.004770095679549636,0.35362965136857716,1.645108120165291,0.021248645022109592,0.09885007756871869,5,0.07681283892770485
TEMPORAL,RidgeStack,daylight,0.5619932758522168,189.3262901283535,283.3665526496476,11.376102418791223,17.026726308410453,0.009861835815261242,1.7413804888768514,3.1809940479999064,0.10463482265520337,0.19113729033130397,5,0.08697657571359096
TEMPORAL,SmartPersistence,ALL,0.6869742800589203,85.42224930961233,199.90322848230247,5.132790888845157,12.011641909425043,0.0,0.0,0.0,0.0,0.0,5,0.0
TEMPORAL,SmartPersistence,daylight,0.47462045804191055,203.69776663951822,310.3606601014844,12.239645398424024,18.648728888547428,0.0,0.0,0.0,0.0,0.0,5,0.0
